id,title,author,isbn,embedref
1965,The New Manager's Handbook,Morey Stettner ,NULL,NULL
1950,Fun with Advanced Mathematics,Lewis Galoo,NULL,NULL
1952,Fun with Further Mathematics,Lewis Galoo,NULL,NULL
1953,Learn how to be a Demolition Expert,Lewis Galoo,NULL,NULL
1954,Learn how to be a Dolphin Trainer,Lewis Galoo,NULL,NULL
1955,Learn how to be an Astronaut,Lewis Galoo,NULL,NULL
1956,Learn how to be a Supermodel,Lewis Galoo,NULL,NULL
1951,Serious Mathematics,Lewis Galoo,NULL,NULL
1944,The Elements of Style," William Strunk Jr.,  E. B. White,  William Strunk",020530902X,NULL
1946,Selenium Simplified - Automated Web Testing with Java and Selenium RC 2nd edition,Alan Richardson,956733239,NULL
1945,Selenium Simplified - Automated Web Testing with Java and Selenium RC,Alan Richardson,956733239,NULL
1511,Software Testing:  An ISEB Foundation,"Brian Hambling, Peter Morgan, Angelina Samaroo, Geoff Thompson, Peter Williams",1906124760,NULL
1921,Beginning Android 4 Games Development,"Mario Zechner, Robert Green ",1430239875,NULL
1986,Pro ASP.NET MVC 4,Adam Freeman,NULL,NULL
1966,Build Your Own Database Driven Website Using PHP and MySQL,Kevin Yank ,NULL,NULL
1964,Peer Reviews in Software,Karl Wiegers,NULL,NULL
1525,Perl in a Nutshell (1st ed),"Ellen Siever, Stephen Spainhour, Nathan Patwardhan",NULL,NULL
1959,Effortless Flex 4 Development,Larry Ullman,321705947,NULL
1911,"Growing object-oriented software, guided by tests", Steve Freeman,321503627,NULL
1947,Data Protection & PCI Compliance for Dummies,Richard Moulds,NULL,NULL
1939,Foundations of F# (Expert's Voice in .Net),Robert. Pickering,1590597575,NULL
2008,Microsoft Project 2013 ,Ben Howard,NULL,NULL
1905,Continuous Delivery,Jez Humble,321601912,NULL
1899,Agile product management with Scrum, Roman Pichler,321605780,NULL
1895,"Joe Celko's SQL Puzzles and Answers, Second Edition (The Morgan Kaufmann Series in Data Management Systems)",Joe Celko,123735963,NULL
1901,jQuery cookbook, jQuery Community Experts,596159773,NULL
1962,"Building Web, Cloud, and Mobile Solutions with F#",Daniel Mohl,1-4493-3376-1,NULL
1912,Special Edition Using Microsoft Commerce Server 2002," Don Jones,  Mark D. Scott",789727633,NULL
1984,How to Win Friends and Influence People ,Dale Carnegie ,NULL,NULL
1938,Purely functional data structures,Chris Okasaki,521663504,NULL
1963,Bulletproof Web Desig,Dan Cederholm ,NULL,NULL
1916,The Big Book of Me, Nina Grunfeld,1904977499,NULL
1937,The Big Book of Me, Nina Grunfeld,1904977499,NULL
1993,Taste Test - Puppet Chef Salt Ansible,Matt Jaynes,NULL,NULL
1920,WCF Security Guide,"J.D. Meier, Carlos Farre, Jason Taylor, Prashant Bansode, Steve Gregersen, Madhu Sundararajan, Rob Boucher",NULL,NULL
1893,Professional ASP.NET Design Patterns,Scott Millett,470292784,NULL
1568,Perl in A Nutshell," Ellen Siever,  Stephen Spainhour,  Nathan Patwardhan",596002416,NULL
1983,Give and Take,Adam Grant ,NULL,NULL
1940,Real-World Functional Programming,"Tomas Petricek, Jon Skeet",1933988924,NULL
1922,Domain Driven Design Quickly,"Abel Avram , Floyd Marinescu ",1411609255,NULL
1948,Introducing Microsoft SQL Server 2012 ,"Ross Mistry, Stacia Misner",073566515X,NULL
1949,Working effectively with legacy code, Michael C. Feathers,131177052,NULL
1479,Working effectively with legacy code, Michael C. Feathers,131177052,NULL
1910,MCAD Developing and Implementing Web Applications with Microsoft Visual C# .NET and Microsoft Visual Studio  .NET Exam Cram 2 (Exam Cram 70-315), Priti Kalani,789729016,NULL
1941,Find Your Dream Job,Sarah Wade,1905736479,NULL
1917,The Solutions Focus," Paul Z. Jackson,  Mark McKergow",1904838065,NULL
1914,Beginning ASP.NET 2.0,"Chris Hart, John Kauffman, David Sussman, Chris Ullman",764588508,NULL
1902,Professional ASP.NET MVC 2,"Jon Galloway, Phil Haack, Scott Hanselman, Scott Gutherie, Rob Conery",470643188,NULL
1894,JavaScript Design Patterns,Addy Osmani,978-1449331818,NULL
1903,Spring recipes, Gary Mak,1590599799,NULL
1900,"Agile Principles, Patterns, and Practices in C# (Robert C. Martin Series)"," Robert C. Martin,  Micah Martin",131857258,NULL
1915,"Agile Principles, Patterns, and Practices in C# (Robert C. Martin Series)"," Robert C. Martin,  Micah Martin",131857258,NULL
1958,Flex 4 Cookbook,"Joshua Noble, Todd Anderson, Garth Braithwaite, Marco Casario, Rich Tretola ",978-0596805616,NULL
1982,Akka Concurrency,Derek Wyatt,981531660,NULL
1398,Self Leadership and the One Minute Manag, Ken Blanchard,7208103,NULL
1504,On the Shortness of Life, Seneca the Younger,014101881X,NULL
1503,On Friendship, Michel de Montaigne,141018860,NULL
1509,Why I Am So Wise (Penguin Great Ideas), Friedrich Nietzsche,141018976,NULL
1404,The New Manager's Handbook (The Mcgraw-Hill Professional Education Series), Morey Stettner,71413340,NULL
1653,Microsoft(r) SQL Server(tm) 2005 Developer's Guide," Michael Otey,  Denielle Otey",72260998,NULL
1323,"Core Java(TM), Volume I--Fundamentals (8th Edition)"," Cay S. Horstmann,  Gary Cornell",132354764,NULL
1329,Effective Java(TM) Programming Language Guide (2nd Edition) (The Java Series), Joshua Bloch,321356683,NULL
1904,"Practice of System and Network Administration, The (2nd Edition)"," Thomas A. Limoncelli,  Christina J. Hogan,  Strata R. Chalup",321492668,NULL
1283,Eyetracking Web Usability (Voices That Matter)," Jakob Nielsen,  Kara Pernice",321498364,NULL
1669,Professional ASP.NET 2.0 Special Edition (Wrox Professional Guides)," Bill Evjen,  Scott Hanselman,  Devin Rader,  Farhan Muhammad,  Srinivasa Sivakumar",470041781,NULL
1761,Professional ASP.NET 2.0 Special Edition (Wrox Professional Guides)," Bill Evjen,  Scott Hanselman,  Devin Rader,  Farhan Muhammad,  Srinivasa Sivakumar",470041781,NULL
1671,Professional BizTalk Server 2006," Darren Jefford,  Kevin B. Smith,  Ewan Fairweather",470046422,NULL
1672,Professional BizTalk Server 2006," Darren Jefford,  Kevin B. Smith,  Ewan Fairweather",470046422,NULL
1396,Programming Interviews Exposed," John Mongan,  Noah Suojanen,  Eric Giguère",047012167X,NULL
1606,Beginning SharePoint 2007," Amanda Murphy,  Shane Perran",470124490,NULL
1527,Professional XML (Programmer to Programmer)," Bill Evjen,  Kent Sharkey,  Thiru Thangarathinam,  Michael Kay,  Alessandro Vernet,  Sam Ferguson",471777773,NULL
1486,Acol Bridge for Bright Beginners (Master Bridge Series)," Hugh Kelsey,  Andrew Kambites",057506174X,NULL
1793,Learning WCF, Michele Bustamante,596101627,NULL
1307,Oracle PL/SQL Best Practices, Steven Feuerstein,596514107,NULL
1543,The Ruby Programming Language," David Flanagan,  Yukihiro Matsumoto",596516177,NULL
1847,Essential ActionScript 3.0 (Essential), Colin Moock,596526946,NULL
1484,The Art of Agile Development," James Shore,  Shane Warden",596527675,NULL
1635,Microsoft ISA Server 2000, Zubair Alexander,672321009,NULL
1646,Microsoft Exchange Server 2003 Unleashed, Rand Morimoto,672328070,NULL
1660,Microsoft Exchange Server 2003 Unleashed, Rand Morimoto,672328070,NULL
1768,Microsoft(R) SharePoint(R) 2007 Development Unleashed," Kevin Hoffman,  Robert Foster",672329034,NULL
1305,Handbook of relational database design, Candace C. Fleming,201114348,NULL
1713,Inside Active Directory," Sakari Kouti,  Mika Seitsonen",201616211,NULL
1576,The Pragmatic Programmer," Andrew Hunt,  David Thomas",020161622X,NULL
1876,Meetings That Work, Catherine Widdicombe,718830016,NULL
1446,Programming Pearls (2nd Edition), Jon Bentley,201657880,NULL
1328,Designing Enterprise Applications with the Java(TM) 2 Platform (Enterprise Edition)," Nicholas Kassem,  Nick Kassem,  Enterprise Team",201702770,NULL
1598,Advanced Visual Basic 6, Matthew J. Curland,201707128,NULL
1470,Metrics and Models in Software Quality Engineering (2nd Edition), Stephen H. Kan,201729156,NULL
1716,Microsoft windows security resource kit, Ben Smith,735621748,NULL
1517,Microsoft  Mobile Development Handbook," Andy Wigley,  Daniel Moth,  Peter Foot",735623589,NULL
1934,How to break software, James A. Whittaker,201796198,NULL
1403,The mythical man-month, Frederick P. Brooks,201835959,NULL
1302,A guide to the SQL standard, C. J. Date,201964260,NULL
1389,How to Set Up and Run Your Own Business (Creating Success), Daily Telegraph,749433086,NULL
1875,Sales Meetings That Work, Richard Cavalier,075965736X,NULL
1929,Read This, Robert Gentle,273656503,NULL
1361,Struts 2 Design and Programming,Budi. Kurniawan,980331609,NULL
1440,Dreaming in Code, Scott Rosenberg,1400082471,NULL
1359,Starting Struts 2, Ian Roughley,1430320338,NULL
1445,Patterns of Enterprise Application Architecture, Martin Fowler,321127420,NULL
1862,.NET Patterns, Christian Thilmany,321130022,NULL
1411,Test Driven Development, Kent Beck,321146530,NULL
1809,Lean Software Development," Mary Poppendieck,  Tom Poppendieck",321150783,NULL
1810,The common language infrastructure annotated standard, James S. Miller,321154932,NULL
1828,PHP and MySQL for dynamic Web sites, Larry E. Ullman,321186486,NULL
1928,The non-designers design book,Robin Williams,321193857,NULL
1431,User Stories Applied, Mike Cohn,321205685,NULL
1478,User Stories Applied, Mike Cohn,321205685,NULL
1284,Macromedia Flash MX 2004, Jen deHaan,321213424,NULL
1285,Macromedia Flash MX 2004 ActionScript," Derek Franklin,  Jobe Makar",321213432,NULL
1629,Effective C#, Bill Wagner,321245660,NULL
1385,Extreme Programming Explained," Kent Beck,  Cynthia Andres",321278658,NULL
1280,Adobe Photoshop CS2 Classroom in a Book, Adobe Systems Inc.,321321847,NULL
1301,Don't Make Me Think, Steve Krug,321344758,NULL
1844,How to break Web software, James A. Whittaker,321369440,NULL
1419,Implementing Lean Software Development," Mary Poppendieck,  Tom Poppendieck",321437381,NULL
1704,The Old New Thing, Raymond Chen,321440307,NULL
1834,Beginning Game Development with Python and Pygame, Will McGugan,1590598725,NULL
1354,Practical Apache Struts 2 Web 2.0 Projects (Practical Projects), Ian Roughley,1590599039,NULL
1364,Practical Apache Struts 2 Web 2.0 Projects (Practical Projects), Ian Roughley,1590599039,NULL
1393,Painless Project Management with FogBugz, Mike Gunderloy,1590599144,NULL
1717,MCSA/MCSE Exam 70-291 Study Guide and Training System," Dr. Thomas W. Shinder,  Dan Douglas,  Hal Kurz,  Syngress Media,  Thomas W. Shinder,  Debra Littlejohn Shinder",1931836922,NULL
1638,LINQ in Action," Fabrice Marguerie,  Steve Eichert,  Jim Wooley",1933988169,NULL
1492,Cool Restaurants Istanbul,Cool Restaurants,3832791159,NULL
1326,"Core Java, Vol. 2"," Cay S. Horstmann,  Gary Cornell",132354799,NULL
1823,Designing Social Web Applications (Voices That Matter), Joshua Porter,321534921,NULL
1335,Harnessing Hibernate,"James Elliott, Tim O'Brien, Ryan Fowler",596517726,NULL
1392,Online Marketing," Ravi Damani,  Chetan Damani,  Dana Farbo,  Jane Linton",954905539,NULL
1402,The Innovator's Dilemma, Clayton M. Christensen,60521996,NULL
1448,Scientific Computing on Itanium-Based Systems," Marius Cornea,  John Harrison,  Ping Tak Peter Tang",971288771,NULL
1435,Scrum and XP from the Trenches, Henrik Kniberg,1430322640,NULL
1935,Lessons Learned in Software Testing," Cem Kaner,  James Bach,  Bret Pettichord",471081124,NULL
1736,COM and the battle for the middle tier, Roger Sessions,471317179,NULL
1641,MDX Solutions, George Spofford,471400467,NULL
1351,Java testing patterns,"Jon Thomas, Matthew Young",047144846X,NULL
1363,Struts 2 in Action," Don Brown,  Chad Davis,  Scott Stanlick",193398807X,NULL
1728,ASP.NET 2.0 Instant Results (Programmer to Programmer)," Imar Spaanjaars,  Paul Wilton,  Shawn Livermore",471749516,NULL
1444,Pattern-Oriented Software Architecture Volume 1," Frank Buschmann,  Regine Meunier,  Hans Rohnert,  Peter Sommerlad,  Michael Stal",471958697,NULL
1502,Numerical solution of partial differential equations, K. W. Morton,521607930,NULL
1466,Introduction to lattices and order, B. A. Davey,521784514,NULL
1567,Object-oriented programming in Oberon-2, Hanspeter Mössenböck,3540600620,NULL
1349,Java servlet programming, Jason Hunter,596000405,NULL
1708,VBScript pocket reference, Matt Childs,596001266,NULL
1531,Ruby in a nutshell, Yukihiro Matsumoto,596002149,NULL
1566,Network Security with OpenSSL," John Viega,  Matt Messier,  Pravir Chandra",059600270X,NULL
1536,TCP/IP Network Administration (3rd Edition; O'Reilly Networking), Craig Hunt,596002971,NULL
1811,Shared source CLI essentials, David Stutz,059600351X,NULL
1532,sed and awk Pocket Reference, Arnold Robbins,596003528,NULL
1533,sed and awk Pocket Reference, Arnold Robbins,596003528,NULL
1350,"Java Swing, Second Edition"," James Elliott,  Marc Loy,  David Wood,  Brian Cole",596004087,NULL
1338,Enterprise JavaBeans, Richard Monson-Haefel,059600530X,NULL
1438,CVS Pocket Reference," Gregor Purdy,  Gregor N. Purdy",596005679,NULL
1848,Essential ActionScript 3.0, Colin Moock,596006527,NULL
1882,Head First design patterns,"Eric Freeman, Elisabeth Robson, Bert Bates, Kathy Sierra",596007124,NULL
1344,Java In A Nutshell, David Flanagan,596007736,NULL
1464,Head First Object-Oriented Analysis and Design," Brett D. McLaughlin,  Gary Pollice,  Dave West",596008678,NULL
1535,Switching to VoIP, Ted Wallingford,596008686,NULL
1367,Enterprise JavaBeans 3.0 (5th Edition)," Bill Burke,  Richard Monson-Haefel",059600978X,NULL
1299,Web Design in a Nutshell," Jennifer Niederst Robbins,  Tantek Çelik,  Derek Featherstone,  Aaron Gustafson",596009879,NULL
1544,Unix in a Nutshell, Arnold Robbins,596100299,NULL
1584,PHP in a Nutshell," Paul Hudson,  Paul Hudson",596100671,NULL
1688,SharePoint Office Pocket Guide, Jeff Webb,596101120,NULL
1340,Java Enterprise in a Nutshell," Jim Farley,  William Crawford,  Prakash Malani,  John Norman,  Justin Gehtland",596101422,NULL
1534,SUSE Linux, Chris Brown,059610183X,NULL
1637,Learning C# 2005," Jesse Liberty,  Brian MacDonald",596102097,NULL
1530,Ruby Cookbook (Cookbooks (O'Reilly))," Lucas Carlson,  Leonard Richardson",596523696,NULL
1298,HTML & XHTML," Chuck Musciano,  Bill Kennedy",596527322,NULL
1296,CSS, Eric Meyer,596527330,NULL
1942,Ajax on Rails, Scott Raymond,596527446,NULL
1687,Pure Visual Basic, Dan Fox,067231598X,NULL
1700,Sams Teach Yourself Active Server Pages 3.0 in 21 Days," Scott Mitchell,  James Atkinson",672318636,NULL
1317,Sams Teach Yourself Transact-SQL in 21 Days (2nd Edition), Lowell Mauer,672319675,NULL
1702,Sams Teach Yourself Transact-SQL in 21 Days (2nd Edition), Lowell Mauer,672319675,NULL
1318,Sams teach yourself SQL in 21 days, Ryan K. Stephens,672324512,NULL
1320,Sams teach yourself Microsoft SQL server 2000 in 21 days, Richard Waymire,672324695,NULL
1644,Microsoft BizTalk server 2004 unleashed,"Scott Woodgate, Stephen Mohr, Brian Loesgen",672325985,NULL
1287,Macromedia Flash MX Professional 2004 Unleashed," David Vogeleer,  Matthew Pizzi",067232606X,NULL
1773,Windows Presentation Foundation Unleashed (WPF) (Unleashed), Adam Nathan,672328917,NULL
1792,The 7 Habits of Highly Effective People, Stephen R. Covey,684858398,NULL
1640,MCDBA SQL Server 2000 database design study guide (exam 70-229), Jeffrey Bane,72126930,NULL
1853,Design patterns, Erich Gamma,201633612,NULL
1649,Microsoft Backoffice Small Business Server 4.5 Resource Kit, Microsoft Corporation.,735605777,NULL
1684,Programming Microsoft Office 2000 Web Components (Microsoft Programming Series), Dave Stearns,073560794X,NULL
1652,Microsoft(r) SQL Server(tm) 2000 Analysis Services Step by Step," OLAP Train,  Reed Jacobson",735609047,NULL
1634,Introducing Microsoft(r) Exchange 2000 Server, Joanne Woodcock,735609608,NULL
1621,Designing Secure Web-Based Applications for Microsoft(r) Windows(r) 2000, Michael Howard,735609950,NULL
1650,Inside Microsoft SQL Server 2000, Kalen Delaney,735609985,NULL
1611,MCSE Microsoft SQL Server 2000 Database Design and Implementation," Sharon Bjeletich,  Eddy Hahn",073561251X,NULL
1685,Programming Windows with C# (Core Reference), Charles Petzold,735613702,NULL
1624,MCAD/MCSD Self-Paced Training Kit," Microsoft Corporation.,  Microsoft Corporation.",735615861,NULL
1595,Microsoft .NET XML Web Services Step by Step," Adam Freeman,  Allen Jones,  Adam Freeman",735617201,NULL
1599,Application Architecture for .NET, Microsoft Corporation.,735618372,NULL
1594,Programming Microsoft  .NET XML Web Services (Pro-Developer)," Damien Foggon,  Daniel Maharry,  Chris Ullman,  Karli Watson",735619123,NULL
1829,Code Complete, Steve McConnell,735619670,NULL
1743,Introducing ASP.NET 2.0, Dino Esposito,735620245,NULL
1311,Inside Microsoft SQL Server 2005, Kalen Delaney,735621055,NULL
1681,Programming INDIGO, David Pallmann,735621519,NULL
1602,Programming Microsoft  ASP.NET 2.0 Applications, Dino Esposito,735621772,NULL
1683,Programming Microsoft  ASP.NET 2.0 Applications, Dino Esposito,735621772,NULL
1654,Inside Microsoft SQL Server 2005," Itzik Ben-gan,  Dejan Sarka,  Roger Wolter",735621977,NULL
1693,Inside Microsoft SQL Server 2005," Itzik Ben-gan,  Dejan Sarka,  Roger Wolter",735621977,NULL
1682,Programming Microsoft  ADO.NET 2.0 Core Reference, David Sceppa,073562206X,NULL
1589,MCTS Self-Paced Training Kit (Exam 70-536)," Tony Northrup,  Shawn Wildermuth,  Bill Ryan",735622779,NULL
1720,Microsoft  Windows  Small Business Server 2003 R2 Administrator's Companion (Pro-Administrator's Companion)," Charlie Russel,  Sharon Crawford",735622809,NULL
1753,Microsoft  Office SharePoint  Server 2007 Administrator's Companion," Bill English,  The Microsoft SharePoint Community Experts",735622825,NULL
1657,Inside Microsoft SQL Server 2005," Itzik Ben-Gan,  Lubor Kollar,  Dejan Sarka",735623139,NULL
1590,MCTS Self-Paced Training Kit (Exam 70-526)," Matthew A. Stoecker,  Steven J. Stein,  Tony Northrup",735623333,NULL
1591,MCTS Self-Paced Training Kit (Exam 70-528): Microsoft  .NET Framework 2.0 Web-Based Client Development (Pro Certification)," Glenn Johnson,  Tony Northrup",735623341,NULL
1618,MCPD Self-Paced Training Kit (Exam 70-547)," Mike Snell,  Bruce Johnson,  Brian C. Lanham,  Shawn Wildermuth,  Sara Morgan",735623406,NULL
1286,Macromedia Flash MX 2004 Killer Tips, Shane Elliott,735713839,NULL
1930,Conceptual blockbusting,James L. Adams,738205370,NULL
1401,Successful Presentation Skills, Andrew J. Bradbury,749432594,NULL
1416,Getting Things Done, David Allen,749922648,NULL
1501,Meditations, Marcus Aurelius,753820161,NULL
1663,NT Network Plumbing, Tony Northrup,076453209X,NULL
1647,Microsoft Outlook 2000 Programming Bible," Jeffrey A. Kent,  Davaid G. Jung",764546503,NULL
1666,Professional ASP.NET 1.1," Alex Homer,  Dave Sussman,  Rob Howard,  Brian Francis,  Karli Watson,  Richard Anderson",764558900,NULL
1289,Paint Shop Pro 9 for dummies, David C. Kay,764579355,NULL
1603,ASP.NET 2.0 Website Programming, Marco Bellinaso,764584642,NULL
1290,Photoshop CS2 Bible," Laurie Ulrich Fuller,  Deke McClelland",764589725,NULL
1668,"Professional ASP.NET 2.0 security, membership, and role management", Stefan Schackow,764596985,NULL
1639,Mastering Windows 2000 Server," Brian M. Smith,  Doug Toombs,  Mark Minasi",782140432,NULL
1774,Mastering Windows Server 2003,Microsoft,782141307,NULL
1608,C# Complete, Sybex,782142036,NULL
1424,The IT Consultant ," Rick Freedman,  Rick Freeman",787951730,NULL
1457,Clean code,Robert C. Martin,132350882,NULL
1565,JRuby Cookbook,Justin Edelson,059651980X,NULL
1450,Domain-Driven Design, Eric Evans,321125215,NULL
1880,Domain-Driven Design, Eric Evans,978-0321125217,NULL
1622,MCAD Developing and Implementing Web Applications with Microsoft Visual C# .NET and Microsoft Visual Studio  .NET Exam Cram 2 (Exam Cram 70-315), Priti Kalani,789729016,NULL
1291,Special Edition Using Macromedia Director MX, Gary Rosenzweig,789729032,NULL
1596,Administering IIS4, Mitch Tulloch,70655367,NULL
1443,Matrix computations, Gene H. Golub,801854148,NULL
1455,Agile testing, Lisa Crispin,321534468,NULL
1306,Oracle Database 10g, Kevin Loney,72253517,NULL
1961,The Hunger Games, Suzanne Collins,9.78E+12,NULL
1421,Succeeding with agile, Mike Cohn,321579364,NULL
1932,The art of game design, Jesse Schell,123694965,NULL
1600,Applied Microsoft .NET Framework Programming, Jeffrey Richter,735614229,NULL
1407,Schaum's Outline of UML (Schaum's Outlines)," Simon Bennett,  John Skelton,  Ken Lunn",77107411,NULL
1874,REST in Practice,"Jim Webber, Savas Parastatidis, Ian Robinson",596805829,NULL
1833,The C Programming Language,"Brian W Kernighan, Dennis M Ritchie",131103628,NULL
1767,Programming WCF Services,Juval Lowy,596805489,NULL
1748,Microsoft Silverlight 4 Data and Services Cookbook,Gill Cleeren,1847199844,NULL
1802,Professional Enterprise .NET,Microsoft,470447613,NULL
1758,Pro Silverlight 3 in C#,Matthew MacDonald,1430223812,NULL
1801,Never Eat Alone," Keith Ferrazzi,  Tahl Raz",385512058,NULL
1506,Shades of grey,Jasper Fforde,340963050,NULL
1460,Cloud Computing Explained,John Rhoton,956355609,NULL
1763,Professional ASP.NET MVC 1.0,Microsoft,470384611,NULL
1515,New Programmer's Survival Manual,Josh Carter,1934356816,NULL
1670,Professional ATL COM programming., Richard Grimes,1861001401,NULL
1394,Peopleware, Tom DeMarco,932633439,NULL
1410,Waltzing With Bears," Tom DeMarco,  Timothy Lister",932633609,NULL
1805,Scrumban,Corey Ladas,578002140,NULL
1813,C# in depth, Jon Skeet,1935182471,NULL
1288,JavaScript, David Flanagan,596805527,NULL
1865,Javascript Web Applications,Alex MacCaw,144930351X,NULL
1473,RESTful Web Services,"Leonard Richardson, Sam Ruby",596529260,NULL
1585,Agile web development with rails, Sam Ruby,1934356549,NULL
1542,The PHP Anthology, Harry Fuecks,957921853,NULL
1831,Real-World Functional Programming,"Tomas Petricek, Jon Skeet",978-1933988924,NULL
1919,Spring in action, Craig Walls,1935182358,NULL
1499,Life and Fate, Vasiliĭ Semenovich Grossman,99506165,NULL
1648,"Microsoft Outlook Programming, Jumpstart for Administrators, Developers, and Power Users", Sue Mosher,1555582869,NULL
1303,Developing Time-Oriented Database Applications in SQL (Morgan Kaufmann Series in Data Management Systems)," Richard T. Snodgrass,  Christian S. Jensen",1558604367,NULL
1550,UNIX System Programming  for System VR4, Dave Curry,1565921631,NULL
1553,UNIX System Programming  for System VR4, Dave Curry,1565921631,NULL
1715,Windows NT TCP/IP network administration, Craig Hunt,1565923774,NULL
1343,Java foundation classes in a nutshell, David Flanagan,1565924886,NULL
1846,VB Shell Programming (Visual Basic), J.P. Hamilton,1565926706,NULL
1574,Programming the Perl DBI, Alligator Descartes,1565926994,NULL
1623,Developing ASP components, Shelley Powers,1565927508,NULL
1601,ASP in a Nutshell, Keyton Weissinger,1565928431,NULL
1827,Conquering carpal tunnel syndrome and other repetitive strain injuries, Sharon J. Butler,978-1572240391,NULL
1633,Inside MAPI, Irving De la Cruz,1572313129,NULL
1632,Inside COM, Dale Rogerson,1572313498,NULL
1427,The One Minute Manager," Kenneth H. Blanchard,  Spencer Johnson",7107927,NULL
1406,The Referral of a Lifetime," Tim Templeton,  Lynda Rutledge Stephenson",1576753212,NULL
1334,"Graphic Java 2, Volume 2",David Geary,130796670,NULL
1703,The definitive guide to Windows Installer, Phil Wilson,1590592972,NULL
1465,Holub on Patterns, Allen Holub,159059388X,NULL
1453,The Best Software Writing I, Joel Spolsky,1590595009,NULL
1333,Foundations of AOP for J2EE Development (Foundation)," Renaud Pawlak,  Jean-Philippe Retaillé,  Lionel Seinturier",1590595076,NULL
1304,Expert Oracle Database Architecture, Thomas Kyte,1590595300,NULL
1309,"The Definitive Guide to MySQL 5, Third Edition (Definitive Guide)",Michael Kofler,1590595351,NULL
1310,Beginning PHP and MySQL 5, W. Jason Gilmore,1590595521,NULL
1332,Expert Spring MVC and Web Flow (Expert)," Seth Ladd,  Darren Davison,  Steven Devijver,  Colin Yates",159059584X,NULL
1526,Pro PHP XML and Web Services (Pro), Robert Richards,1590596331,NULL
1357,Pro EJB 3," Mike Keith,  Merrick Schincariol",1590596455,NULL
1414,Blue Ocean Strategy," W. Chan Kim,  Renée Mauborgne",1591396190,NULL
1832,Object-Oriented PHP, Peter Lavin,1593270771,NULL
1548,"Unix Network Programming, Vol. 1"," W. Richard Stevens,  Bill Fenner,  Andrew M. Rudoff,  Richard W. Stevens",131411551,NULL
1413,Agile estimating and planning, Mike Cohn,131479415,NULL
1925,Crossing the Chasm, Geoffrey A. Moore,1841120634,NULL
1384,Dealing with Darwin, Geoffrey A Moore         ,1841127175,NULL
1405,The One Minute Manager Meets the Monkey (One Minute Manager), Kenneth H. Blanchard,7116985,NULL
1710,Visual Basic 6 how to program, Harvey M. Deitel,134569555,NULL
1604,Beginning ATL 3 COM programming, Richard Grimes,1861001207,NULL
1674,Professional SQL Server 7.0 Programming, Rob Vieira,1861002319,NULL
1664,Outlook 2000 VBA Programmers Reference, Dwayne Gifford,186100253X,NULL
1597,ADO 2.1 programmer's reference, David Sussman,1861002688,NULL
1356,Professional Java Server Programming," Sing Li,  Paul Houle,  Mark Wilcox,  Ron Phillips,  Piroz Mohseni,  Stefan Zeiger,  Hans Bergsten,  Matthew Ferris,  Jason Diamond,  Mike Bogovich,  Marc Fleury,  Krishna Vedati,  Ari Halberstadt,  Andrew Patzer",1861002777,NULL
1528,Professional XSL,v,1861003579,NULL
1353,Professional JSP 2nd Edition," Simon Brown,  Robert Burdick,  Jayson Falkner,  Ben Galbraith,  Rod Johnson,  Larry Kim,  Casey Kochmer,  Thor Kristmundsson,  Sing Li",1861004958,NULL
1423,The Art of Innovation, Thomas Kelley,186197583X,NULL
1609,Code Centric, Garth Wells,1893115836,NULL
1322,Bitter Java, Bruce Tate,193011043X,NULL
1379,Struts in Action," Ted Husted,  Cedric Dumoulin,  George Franciscus,  David Winterfeldt,  Craig R. McClanahan",1930110502,NULL
1625,Dr. Tom Shinder's Configuring ISA Server 2004," Thomas W. Shinder,  Martin Grasdal",1931836191,NULL
1636,Dr. Tom Shinder's ISA Server and Beyond," Thomas W. Shinder,  Martin Grasdal,  Debra Littlejohn Shinder",1931836663,NULL
1931,Theory of Fun for Game Design, Raph Koster,1932111972,NULL
1337,Hibernate in action,Christian. Bauer,193239415X,NULL
1369,Groovy in Action," Dierk Koenig,  Andrew Glover,  Paul King,  Guillaume Laforge,  Jon Skeet",1932394842,NULL
1281,Adobe Photoshop CS4 - Classroom in a book,NULL,NULL,NULL
1295,Classroom in a Book: The official training workbook from Adobe Systems,NULL,NULL,NULL
1312,Inside Microsoft SQL Server 2008: T-SQL Querying,Itzik Ben-Gan,NULL,NULL
1348,Java Server Programming ,David Flanagan,NULL,NULL
1370,Java How to Program,NULL,NULL,NULL
1374,Programming Groovy,Venkat Subramaniam,NULL,NULL
1408,UML for Systems Engineering: watching the wheels,Jon Holt,NULL,NULL
1430,The Truth About Power,NULL,NULL,NULL
1491,Guide - Across Asia on the cheap,NULL,NULL,NULL
1493,Guide - Dublin,NULL,NULL,NULL
1494,Guide - Greek Islands,NULL,NULL,NULL
1495,Guide - Istanbul,NULL,NULL,NULL
1497,Guide - Melbourne,NULL,NULL,NULL
1498,Guide - Provence & the Cote d'Azur - The Rough Guide,Kate Baillie,NULL,NULL
1500,Master atlas of Greater London,NULL,NULL,NULL
1505,Oxford Dictionary,NULL,NULL,NULL
1513,Mini LondonA-Z,NULL,NULL,NULL
1514,No-Limit Texas Hold'Em For Winners,"Andrea Shavik, Dan Shavik",NULL,NULL
1519,Don't Panic - Mobile Developers Guide to the Galaxy,NULL,NULL,NULL
1556,Visual C++6 Programming,Richard Grimes,NULL,NULL
1607,Building Applications with Microsoft Outlook 98,NULL,NULL,NULL
1615,Designing and Developing ASP.NET Applications Using the Microscoft . NET Framework 3.5 Lab Manual,NULL,NULL,NULL
1630,FACSys Fax Messaging Gateway for Microsoft Windows NT,NULL,NULL,NULL
1645,Microsoft Exchange Server 2000,"Andy Koopmans, et.al",NULL,NULL
1656,Microsoft SQL Server 2005: T-SQL Query Tuning and Optimization,Kalen Delaney,NULL,NULL
1691,SQL Server 2000 Database Design,"Richard McMahon, Sean Chase",NULL,NULL
1707,Understanding & Programming COM+,Robert Oberg,NULL,NULL
1714,Windows 7 Professional & Enterprise - Quick Reference Guide,NULL,NULL,NULL
1742,Inside Microsoft SQL Server 2.5 2005 T-SQL Querying,"Itzik Ben-Gan, Lubor Kollar, Dejan Sarka",NULL,NULL
1771,Teach yourself Microsoft Small Business Server 4.5 in 21 days,Harry Brelsford,NULL,NULL
1815,No-Limit Texas Hold'Em,"Andrea Shavick, Dan Shavick",NULL,NULL
1861,SharePoint 2010 as a Development Platform,"Krause, Langhirt, Sterff, Pehile, Doring",NULL,NULL
1867,JavaScript: The Good Parts,Douglas Crockford,NULL,NULL
1883,The Pocket Guide to Good Push,Urban Airship,NULL,NULL
1890,Flourish - A New Understanding of Happines and Well-Being,Martin Seligman,NULL,NULL
1282,DOM scripting, Jeremy Keith,1430233893,NULL
1297,HTML5: Up and Running,Mark Pilgrim,596806027,NULL
1300,Web style guide,Patrick J. Lynch,300137370,NULL
1308,Oracle PL/SQL programming, Steven Feuerstein,596514468,NULL
1313,Microsoft SQL server 2008 adminstrator's pocket consultant, William R. Stanek,735625891,NULL
1314,Securing SQL servers, Denny Cherry,1597499471,NULL
1315,Spring Persistance with Hibernate,"Paul Tepper Fisher, Brian D. Murphy",978-1430226321,NULL
1319,T-SQL Fundamentals (Microsoft SQL Server 2008),Itzik Ben-Gan,978-8178531045,NULL
1321,Beginning Hibernate, Jeff Linwood,1430228504,NULL
1352,JBoss in action, Javid Jamae,1933988029,NULL
1355,Pro Spring,"Rob Harrop, Jan Machacek",978-1430241072,NULL
1358,Spring Enterprise Recipes,"Josh Long, Gary Mak",1430224975,NULL
1373,Next generation Java testing, Cédric Beust,321503104,NULL
1375,SCJP Sun Certified Programmer for Java 6 Study Guide,"Kathy Sierra, Bert Bates",70264988,NULL
1380,Liferay in action, Rich Sezov,193518282X,NULL
1381,Portlets in action, Ashish Sarin,1935182544,NULL
1382,JBoss AS 5 Development,Francessco Marchioni,1847196829,NULL
1383,Closing techniques (that really work!), Stephan Schiffman,1598698206,NULL
1387,Forming a Limited Company,Patricia clayton,749453044,NULL
1388,Good to Great,Jim Collins,66621003,NULL
1390,Managing Transitions,William Bridges ,1857885414,NULL
1391,Mindset - The New Psychology Of Success,Carol . Dweck,1780332009,NULL
1395,Presentation zen, Garr Reynolds,321811984,NULL
1397,Running a limited company, David Impey,1846612616,NULL
1399,Slack, Tom Demarco,932633617,NULL
1409,Version Control with Git,Jon Loeliger,978-1449316389,NULL
1412,50 Management Ideas You Really Need to Know,Edward Russell-Walling,1847240097,NULL
1415,Brilliant Project Management,"Stephen Barker, Rob Cole",027377509X,NULL
1418,How to lead, Jo Owen,273759612,NULL
1422,The 5 Essential People Skills,Dale Carnegie,1847377645,NULL
1429,The project manager,Richard Newton,273723421,NULL
1432,Execution:  The Discipline of Getting Things Done,"Larry Bossidy, Ram Charan",1847940684,NULL
1436,Computer Science - An Overview,J. Glenn Brookshear,273751395,NULL
1441,Autotools, John Calcote,1593272065,NULL
1442,Languages and Compilers for Parallel Computing,"Utpal Banerjee, et.al",3642360351,NULL
1447,Service-Oriented Architechure,Thomas Erl,470376848,NULL
1449,"Software Engineering, A Practitioner's Approach",Roger Pressman,71267824,NULL
1451,"The Art of Computer Programming, volume 1, 2 and 3",Donald Knuth,321751043,NULL
1452,The art of multiprocessor programming, Maurice Herlihy,123973376,NULL
1454,Writing Secure Code,"Michael Howard, David LeBlanc",735617228,NULL
1463,"Growing Object-Orientated Software, Guided by Tests","Steve Freeman, Nat Pryce",321503627,NULL
1467,Introduction to Algorithms,"T Cormen, C Leiserson, R Rivest, C Stein",262533057,NULL
1468,"Making Software, What Really Works and Why We Believe It","Andy Oram, Greg Wilson",978-0596808327,NULL
1469,Mercurial, Bryan O'Sullivan,596800673,NULL
1476,The clean coder,Robert C. Martin,137081073,NULL
1477,The passionate programmer, Chad Fowler,1934356344,NULL
1485,A first course in the numerical analysis of differential equations, A. Iserles,521734908,NULL
1487,An Introduction to the Theory of Numbers,"G. Hardy, E. Wright",199219869,NULL
1488,Frank Wood's business accounting 1, Frank Wood,273759280,NULL
1489,Dubrovnik,Bradt,1841621919,NULL
1490,English Vocabulary in Use,Stuart Redman,521149886,NULL
1507,Tales of the DeCongested,"Rebekah Lattin-Rawstrone, Paul Blaney",955253802,NULL
1510,Why I Write,George Orwell,014101900X,NULL
1512,Software Testing:  An ISEB Intermediate Certificate,"Brian Hambling, Angelina Samaroo",1906124132,NULL
1516,Hello Android - Introducing Google's Mobile Development Platform,Ed Burnette,9.78E+12,NULL
1518,Unlocking Android, W. Frank Ableson,1933988673,NULL
1523,iPhone SDK development, Bill Dudney,1934356255,NULL
1524,Pro Android 2, Sayed Y. Hashimi,1430226595,NULL
1537,Sams teach yourself C in 21 days, Bradley L. Jones,672324482,NULL
1538,Sams teach yourself C++ in one hour a day, Siddhartha Rao,672335670,NULL
1539,The C++ Programming Language,Bjarne Stroustrup,321563840,NULL
1549,"UNIX Network Programming, volume 2",W. Richard Stevens,812032062X,NULL
1558,Actionscript developer's guide to Robotlegs, Joel Hooks,1449308902,NULL
1560,Adobe Flex Training from the Source vol 1.,"Michael Labriola, Jeff Tapper, Matthew Boles",321660501,NULL
1561,Eloquent Ruby,Russ Olsen,321584104,NULL
1563,Grails in action, Glen Smith,1933988932,NULL
1569,Professional Xcode 3, James Bucanek,470525223,NULL
1570,Programming in Objective-C 2.0,Stephen G. Kochan,032188728X,NULL
1572,Programming Perl, Tom Christiansen,596004923,NULL
1573,Programming Ruby,Dave Thomas,1937785491,NULL
1575,Programming Amazon Web Services, James Murty,596515812,NULL
1577,The Rails 3 way, Obie Fernandez,321601661,NULL
1581,Zend Framework 1.8 Web Application Development,Keith Pope,1847194222,NULL
1587,Beginning Ruby, Peter Cooper,1430223634,NULL
1588,Programming in Scala, Martin Odersky,981531644,NULL
1592,MCTS self-paced training kit (Exam 70-502), Matthew A. Stoecker,735625662,NULL
1593,MCTS self-paced training kit (exam 70-562), Mike Snell,073562562X,NULL
1610,MCTS self-paced training kit (exam 70-680),Ian McLean,735627088,NULL
1612,"Designing and developing ASP.NET applications using the Microsoft .NET Framework 3.5, exam 70-564",Microsoft Official Academic Course,470551402,NULL
1626,Effective C♯, Bill Wagner,321658701,NULL
1642,Architecting Microsoft  .NET solutions for the enterprise, Dino Esposito,073562609X,NULL
1643,.NET application architecture guide,Microsoft,073562710X,NULL
1659,Microsoft SQL Server 2008 step by step, Mike Hotek,735626049,NULL
1661,Microsoft. NET Framework 3.5 - ASP.NET Application Development,"Mike Snell, Glenn Johnson, Tony Northrup, and GrandMasters",470551399,NULL
1662,More effective C♯, Bill Wagner,321485890,NULL
1665,Pro WF,Bruce Bukovics,1430227214,NULL
1673,Professional C# 4 and .Net 4, Christian Nagel,470502258,NULL
1675,Microsoft SQL server 2008 reporting services step by step, Stacia Misner,735626472,NULL
1676,Professional WCF 4 Windows Communication Foundation with  .NET 4,"Pablo Cibraro, Kurt Claeys, Fabio Cozzolino, Johann Grabner",470563141,NULL
1677,Programming C#,Jesse Liberty,1449320414,NULL
1679,Programming Entity Framework,Julia Lerman,596807260,NULL
1686,Programming Microsoft SQL Server 2008, Leonard Lobel,735625999,NULL
1689,Sharepoint 2007 development recipes, Mark E. Gerow,1430209615,NULL
1690,Silverlight 1.0 unleashed, Adam Nathan,672330075,NULL
1692,SQL Server 2005,William R. Stanek,8120329201,NULL
1695,Programming Microsoft SQL Server 2008, Leonard Lobel,735625999,NULL
1696,SQL Server 2008 - Implementation and Maintenance - Training Kit,Mike Hotek,9.78E+12,NULL
1697,SQL Server 2008 Internals,Kalen Delaney,735626243,NULL
1698,SQL Server 2008: T-SQL Querying,Itzik Ben-Gan,735626030,NULL
1699,Mastering System center configuration manager 2007, Chris Mosby,047017367X,NULL
1701,Sams teach yourself ASP.NET 4 in 24 hours complete starter kit, Scott Mitchell,672333058,NULL
1705,Thinking of - Delivering Solutions on the Windows Azure Platform - Ask the Smart Questions,"Dan Scarfe, Marcus Tillett, Stephen Parker",956155634,NULL
1706,Thinking of - Maximising your Investment as a Microsoft Partner - Ask the Smart Questions,"Julie Simpson, Andy Trish",956155669,NULL
1709,Visual Basic 2008, Rod Stephens,470182628,NULL
1711,MCTS self-paced training kit (exam 70-515), Anthony Northrup,735627401,NULL
1722,C# in Depth,Jon Skeet,161729134X,NULL
1724,Accessing Data with Microsoft .NET framework 4,Glenn Johnson,735627398,NULL
1727,Applied WPF 4 in context, Raffaele Garofalo,1430234709,NULL
1729,ASP.NET 3.5 Unleashed,Stephen Walther,672335646,NULL
1730,C# 4.0 in a Nutshell,"Joseph Albahari, Ben Albahari",596800959,NULL
1733,C# 4.0 Pocket Reference,"Joseph Albahari, Ben Albahari",1449394019,NULL
1735,CLR via C#,Jeffrey Richter,735667454,NULL
1740,Functional programming in C#, Oliver Sturm,470744588,NULL
1741,How we test software at Microsoft, Alan Page,735624259,NULL
1745,Learning C#,Jesse/ MacDonald Liberty,596521065,NULL
1747,Microsoft SharePoint 2010 unleashed, Michael Noel,672333252,NULL
1750,Nhibernate 3 Beginners Guide,"Dr. Gabriel Nicolas Schenker, Aaron Cure",1849516022,NULL
1752,NHibernate in action,"Pierre Kuate, Christian Bauer",1932394923,NULL
1754,Pro ASP.NET MVC 3 Framework,"Adam Freeman, Steven Sanderson",1430234040,NULL
1757,Pro C# 2010 and the .NET 4 platform, Andrew W. Troelsen,1430225491,NULL
1759,Pro WF Windows Workflow in .NET 4,Bruce Bukovics,1430227214,NULL
1760,Pro WPF in C# 2010,Matthew MacDonald,1430272058,NULL
1769,SharePoint Server 2010 Enterprise Content Management,"Todd Kitta, Brett Grego, Chris Caplinger, Russ Houberg",470584653,NULL
1770,Silverlight 3 Programmer's Reference," J. Ambrose Little,  Jason Beres,  Grant Hinkson,  Devin Rader,  Joe Croney",470385405,NULL
1775,WPF4 Unleashed, Adam Nathan,978-0672331190,NULL
1794,Sun Certified Programmer for Java 6 Study Guide,"Kathy Sierra, Bert Bates",70264988,NULL
1795,Scala for the impatient, Cay S. Horstmann,321774094,NULL
1796,The LEGO Mindstorms NXT 2.0 discovery book, Laurens Valk,1593272111,NULL
1807,Professional WCF 4 Windows Communication Foundation with .NET 4,"Pablo Cibraro, Kurt Claeys, Fabio Cozzolino, Johann Grabner",978-0470563144,NULL
1808,MCTS self-paced training kit (exam 70-503), Bruce Johnson,735625654,NULL
1816,Coders at work, Peter Seibel,1430219483,NULL
1819,Getting to Yes - Negotiating an Agreement Without Giving in,"Roger Fisher, William Ury",1847940935,NULL
1821,Programming Entity Framework: Code First,"Julia Lerman, Rowan Miller",1449312942,NULL
1822,Programming Entity Framework: DbContext,"Julia Lerman, Rowan Miller",1449312969,NULL
1835,The definitive guide to Pylons, James Gardner,1590599349,NULL
1838,Test-driven iOS development, Graham Lee,321774183,NULL
1839,Beginning Rails 3,"Cloves Carneiro Jr., Rida Al Barazi",1430224339,NULL
1851,Professional Android 4 application development, Reto Meier,1118102274,NULL
1860,SharePoint 2010 DEvelopment with Visual Studio 2010,"Carter, Scholl, & Jausovec",321718313,NULL
1863,The Developer's Code - What Real Programmers Do,Ka Wai Cheung,1934356794,NULL
1864,Codermetrics,Jonathan Alexander,978-1449305154,NULL
1866,JavaScript Patterns,Stoyan Stefanov,596806752,NULL
1877,Learning ActionScript 3.0,"Rich Shupe, Zevan Rosser",144939017X,NULL
1878,The Social Executive,Sharif Khalladi,1482361205,NULL
1879,Leading lean software development, Mary Poppendieck,321620704,NULL
1884,Business analysis techniques, James Cadle,190612423X,NULL
1886,Professional Sitecore Development,John West,047093901X,NULL
1887,Effective C♯, Bill Wagner,321658701,NULL
1906,Designing and Developing Web Applications Using Microsoft .NET Framework 4,Tony Northrup,735657262,NULL
1907,Advanced Google AdWords, Brad Geddes,1118194500,NULL
1908,Google AdWords, Anastasia Holdren,1449308384,NULL
1909,The Ultimate Small Business Marketing Book,Dee Blick,1905493770,NULL
1924,Switch ,Chip and Dan Heath,1847940323,NULL
1926,Selling to Win,Richard Denny,749466316,NULL
1927,Brilliant presentation,Richard Hall,027376246X,NULL
1933,Bounce ,Matthew Syed,7350546,NULL
1936,Exploratory software testing, James A. Whittaker,321636414,NULL
1967,Refactoring,Martin Fowler,NULL,NULL
1968,Sams Teach Yourself Windows Server 2008,Joe Habraken,NULL,NULL
1969,test,test,NULL,NULL
1970,Service Design Patterns,Robert Daigneau,NULL,NULL
1971,Enterprise SOA,"Dirk Krafzig, Karl Banke, Dirk Slama",NULL,NULL
1972,SOA Patterns,Arnon Rotem-Gal-Oz,NULL,NULL
1973,Perfect Software,Gerald M. Weinberg,NULL,NULL
1974,It's Not Carpal Tunnel Syndrome,"Suparna Damany, MSPT & Jack Bellis",NULL,NULL
1975,Play for Scala,"Peter Hilton, Erik Bakker, Francisco Canedo",NULL,NULL
1976,Making It All Work,David Allen,NULL,NULL
1977,Ready For Anything,David Allen,NULL,NULL
1978,Vagrant: Up and Running,Mitchell Hashimoto,NULL,NULL
1979,"Puppet 3 Cookbook, 2nd Edition",John Arundel,NULL,NULL
1980,Spring Web Services 2 Cookbook,"Hamidreza Sattari, Shameer Kunjumohamed",NULL,NULL
1981,Actors in Scala,"Philipp Haller, Frank Sommers",NULL,NULL
1985,Testing in Scala,O'Reilly,NULL,NULL
1987,Effective JAVA Script ,David Herman ,NULL,NULL
1988,Read This Before Our Next Meeting ,Al Pittampalli,NULL,NULL
1989,Software Estimation ,Steve McConnell ,NULL,NULL
1990,PHP and MySql Everyday Apps for Dummies ,Janet Valade,NULL,NULL
1991,F# for C# Developers ,Tao Liu,NULL,NULL
1992,Facts and Fallacies of Software Engineering,Robert L Glass,NULL,NULL
1994,Db Context,Julia Lerman and Rowan Miller,NULL,NULL
1995,Configuring Advanced Windows Server 2012 R2 Services,J.C Mackin / Orin Thomas,NULL,NULL
1996,The Solutions Focus,Paul Z Jackson / Mark McKergow,NULL,NULL
1997,Being Geek,Michael Lopp,NULL,NULL
1998,Managing Humans,Michael Lopp ,NULL,NULL
1999,Clojure Programming ,"Chas Emerick, Brian Carper, Christophe Grand",NULL,NULL
2000,FISH!,Stephen C Lundin Ph.D,NULL,NULL
2001,Seven Languages in Seven Weeks,Bruce A. Tate,NULL,NULL
2002,Java Concurrency in Practice,Brian Goetz,NULL,NULL
2005,The Magic Book of Thinking,David J. Schwartz,NULL,NULL
2006,To Sell Is Human,Daniel H. Pink,NULL,NULL
2007,Business Model Generation,Alexander Osterwalder & Yves Pigneur,NULL,NULL
2009,Learning Perl,Randal L Schwartz/Tom Phoenix,NULL,NULL
2010,Intermediate Perl,Randal L Schwartz/Tom Phoenix,NULL,NULL
2011,Galvanizing the Geeks,Zoe Cunningham,NULL,NULL
2012,Developing ASP.NET MVC4 Web Applications (Exam Ref 70-486),William Penberthy,NULL,NULL
2013,Programming in HTML5 with JavaScript and CSS3,Rick Delorme,NULL,NULL
2014,Little Miss Geek,Belinda Parmar,NULL,NULL
2015,Java Performance,Charlie Hunt and Binu John,NULL,NULL
2016,Spring in Practice,Willie Wheeler with Joshua White,NULL,NULL
2017,Pro Angular JS,Adam Freeman ,NULL,NULL
2018,The Joy of Clojure ,Michael Fogus/Chris Houser,NULL,NULL
2019,High Performance Websites,Steve Souders,NULL,NULL
2020,The Art of Capacity Planning,John Allspaw,NULL,NULL
2021,Building Scalable Web Sites,Cal Henderson,NULL,NULL
2022,Scalable Internet Architectures,Theo Schlossnagle,NULL,NULL
2023,Becoming a Technical Leader,Gerald M Weinberg,NULL,NULL
2024,Computer Networking,"James F. Kurose, Keith W. Ross",NULL,NULL
2025,xUnit Test Patterns,Gerard Meszaros,NULL,NULL
2026,Apprenticeship Patterns,David H.Hoover & Adeale Oshineye,NULL,NULL
2027,Understanding Crytography,Christof Paar/Jan Pelzl,NULL,NULL
2028,The Signal and the Noise,Nate Silver,NULL,NULL
2029,"Thinking, Fast and Slow",Daniel Kahneman,NULL,NULL
2030,Lean Analytics,Eric Ries,NULL,NULL
2031,SSH Mastery ,Michael W. Lucas,NULL,NULL
2032,Bulletproof SSL and TLS,Ivan Ristic,NULL,NULL
2033,Configuring Windows Server Virtualization,"Nelson Ruest, Danielle Ruest and Grandmasters",NULL,NULL
2034,Networking and Network Access Protection (NAP),Joseph Davies and Tony Northrup with the Microsoft Networking Team,NULL,NULL
2035,Building Microservices,Sam Newman,NULL,NULL
2036,Getting Started with OAuth 2.0,Ryan Boyd,NULL,NULL
2037,"Programming in C#, exam ref 70-483",Wouter de Kort,NULL,NULL
2038,Pro C# 5.0 and the .NET 4.5 Framework,Andrew Troelsen,NULL,NULL
2039,The art of looking sideways.,Alan Fletcher,NULL,NULL
2040,Wireshark 101,Laura Chappell,NULL,NULL
2041,Brilliant Communication Skills,Gill Hasson,NULL,NULL
2042,Business Writing,Ian Atkinson,NULL,NULL
2043,Professional ASP.NET MVC 5,"Jon Galloway, Brad Wilson, K. Scott Allen & David Matson",NULL,NULL
2044,Essentials of Developing Windows Store App Using C#,Indrajit Chakrabarty,NULL,NULL
2045,Programming in C#,Wouter de Kort,NULL,NULL
2046,Debugging,David J. Agans,NULL,NULL
2047,Developing Windows Azure and Web Services (Exam Ref 70-487),"William Ryan, Wouter de Kort & Shane Milton",NULL,NULL
2048,Notes to a Software Team Leader,Roy Osherove,NULL,NULL
2049,Talking with Tech Leads,Patrick Kua,NULL,NULL
2050,Managing Successful Projects with PRINCE2,TSO,NULL,NULL
2051,Smart Investing,Tim Hale,NULL,NULL
2052,Playing Poker to Win,Andrea Shavick & Dan Shavick,NULL,NULL
2053,Somebody Should Have Told Us!,Jack Pransky,NULL,NULL
2054,Practical Vim,Drew Neil,NULL,NULL
